"plec","typ","data"
"f","Rejestracja","2017-09-27 15:56:26"
"m","Rejestracja","2017-09-27 18:54:54"
"m","Rejestracja","2017-09-27 10:39:00"
"m","Rejestracja","2017-09-25 13:28:55"
"m","Rejestracja","2017-09-27 16:31:06"
"f","Rejestracja dodatkowa","2017-09-30 13:12:46"
"f","Rejestracja","2017-09-22 18:56:37"
"m","Rejestracja","2017-09-27 18:13:16"
"m","Rejestracja","2017-09-29 10:30:11"
"m","Rejestracja","2017-09-29 13:14:11"
"f","Rejestracja","2017-09-26 20:25:42"
"m","Rejestracja","2017-09-21 13:17:55"
"m","Rejestracja dodatkowa","2017-09-30 17:03:44"
"f","Rejestracja","2017-09-27 18:02:34"
"m","Rejestracja","2017-09-21 14:40:56"
"m","Rejestracja dodatkowa","2017-09-30 17:33:29"
"f","Rejestracja","2017-10-02 09:28:00"
"f","Rejestracja","2017-09-21 00:48:00"
"m","Rejestracja","2017-09-21 11:24:40"
"f","Rejestracja dodatkowa","2017-09-30 17:03:44"
"f","Rejestracja dodatkowa","2017-10-03 11:37:37"
"f","Rejestracja","2017-09-21 14:51:09"
"f","Rejestracja","2017-09-21 09:54:03"
"m","Rejestracja","2017-09-27 18:05:21"
"f","Rejestracja dodatkowa","2017-10-04 10:58:16"
"m","Rejestracja","2017-09-21 11:24:30"
"f","Rejestracja","2017-09-28 22:09:02"
"f","Rejestracja dodatkowa","2017-10-03 11:38:05"
"m","Rejestracja","2017-09-29 13:50:20"
"f","Rejestracja dodatkowa","2017-10-04 09:14:42"
"f","Rejestracja","2017-09-29 14:13:19"
"f","Rejestracja","2017-09-27 15:57:25"
"m","Rejestracja","2017-09-27 13:24:07"
"m","Rejestracja","2017-09-22 12:12:50"
"f","Rejestracja","2017-09-22 12:11:21"
"f","Rejestracja","2017-09-27 14:14:31"
"f","Rejestracja","2017-09-21 17:25:22"
"f","Rejestracja","2017-09-26 17:56:02"
"f","Rejestracja","2017-09-21 14:44:13"
"f","Rejestracja","2017-09-27 14:10:26"
"m","Rejestracja","2017-09-21 02:24:04"
"m","Rejestracja","2017-09-21 10:44:41"
"f","Rejestracja dodatkowa","2017-10-03 12:22:52"
"f","Rejestracja dodatkowa","2017-10-01 17:26:11"
"f","Rejestracja","2017-09-28 10:48:44"
"f","Rejestracja","2017-09-28 10:55:40"
"f","Rejestracja","2017-09-29 13:48:17"
"f","Rejestracja","2017-09-27 08:40:11"
"m","Rejestracja dodatkowa","2017-10-04 09:27:43"
"f","Rejestracja dodatkowa","2017-10-04 11:01:22"
"f","Rejestracja dodatkowa","2017-09-30 21:49:52"
"m","Rejestracja dodatkowa","2017-10-02 12:53:35"
"f","Rejestracja dodatkowa","2017-10-02 17:15:24"
"f","Rejestracja dodatkowa","2017-10-01 18:21:41"
"f","Rejestracja dodatkowa","2017-10-01 10:22:32"
"m","Rejestracja","2017-09-29 15:15:00"
"f","Rejestracja","2017-09-27 18:24:00"
"f","Rejestracja","2017-09-28 16:06:45"
"f","Rejestracja","2017-09-22 20:34:23"
"f","Rejestracja dodatkowa","2017-10-04 11:04:14"
"f","Rejestracja dodatkowa","2017-10-03 12:34:46"
"m","Rejestracja","2017-09-28 22:09:02"
"f","Rejestracja dodatkowa","2017-10-03 12:29:12"
"f","Rejestracja","2017-09-29 15:27:28"
"f","Rejestracja dodatkowa","2017-09-30 13:17:21"
"f","Rejestracja dodatkowa","2017-09-30 19:36:54"
"m","Rejestracja","2017-09-26 14:37:55"
"f","Rejestracja dodatkowa","2017-10-02 15:14:02"
"m","Rejestracja dodatkowa","2017-10-02 15:01:59"
"f","Rejestracja dodatkowa","2017-09-30 22:06:29"
"f","Rejestracja","2017-09-27 09:56:12"
"f","Rejestracja dodatkowa","2017-10-01 21:27:44"
"f","Rejestracja dodatkowa","2017-10-02 15:22:34"
"m","Rejestracja","2017-09-26 13:41:17"
"f","Rejestracja","2017-09-26 11:58:15"
"f","Rejestracja","2017-09-28 09:05:30"
"m","Rejestracja","2017-09-21 09:11:10"
"m","Rejestracja","2017-09-22 12:40:14"
"f","Rejestracja","2017-09-26 18:01:52"
"m","Rejestracja dodatkowa","2017-10-02 09:34:18"
"m","Rejestracja","2017-09-21 09:01:02"
"f","Rejestracja","2017-09-26 11:26:24"
"m","Rejestracja","2017-09-28 11:57:23"
"f","Rejestracja","2017-09-20 22:19:26"
"f","Rejestracja dodatkowa","2017-10-04 08:24:06"
"f","Rejestracja","2017-09-26 21:21:10"
"f","Rejestracja dodatkowa","2017-10-01 20:02:55"
"m","Rejestracja","2017-09-21 11:59:39"
"m","Rejestracja","2017-09-27 17:22:27"
"f","Rejestracja","2017-09-21 11:20:08"
